{
  "layer": 12,
  "n_samples": 108,
  "pearson_r": -0.4224192525772324,
  "pearson_p": 5.2670288694132065e-06,
  "spearman_r": -0.45083462204638075,
  "spearman_p": 9.76567984249585e-07,
  "probe_mean": -0.28179260843467935,
  "probe_std": 0.1441451032517619
}