{
  "p5_negative": -0.3340072565525112,
  "p95_positive": -0.32318256293375713,
  "range": 0.010824693618754044
}